HorseURL	RaceURL	Day	Kyoto	Tokyo	Nakayama	Hanshin	Tyukyo	Niigata	Kokura	Fukushima	Sapporo	Hakodate	Raceday	First	Maiden	Under500	Under1000	Under1600	Open	G3	G2	G1	Grass	Dirt	Distance	LightCo	LittleHeavyCo	HeavyCo	BadCo	wakuban	Umaban	Male	Female	Senba	barei	kinryou	kisyu	Time	RunningTime	Tyakusa	Ninki	Weight	zougen	Tansyou	Hukusyou	Wakuren	Umaren	Wide	Umatan	Sanrenpuku	Sanrentan	titi	Haha	TitiTiti	TitiHaha	hahatiti	HahaHaha	tyakujun	Tyoukyoushi
"http://db.netkeiba.com/horse/1996106915/"	"http://db.netkeiba.com/race/199908010605/"	"1999年1月17日"	1	0	0	0	0	0	0	0	0	0	6	0	0	1	0	0	0	0	0	0	0	1	1400	1	0	0	0	4	7	0	1	0	4	53	"http://db.netkeiba.com/jockey/00714/"	"1:24.9"	8490	""	5	460	0	"1030"	"<td class=\"txt_r\">280<br>310<br>490</td>"	"1830"	"3440"	""	""	""	""	"/horse/ped/000a00022a/"	"/horse/ped/1985103293/"	"/horse/ped/000a001205/"	"/horse/ped/000a000250/"	"/horse/ped/1979101744/"	"/horse/ped/1977103559/"	1	"/trainer/00125/"
"http://db.netkeiba.com/horse/1999105864/"	"http://db.netkeiba.com/race/200203020608/"	"2002年10月20日"	0	0	0	0	0	0	0	1	0	0	6	0	1	0	0	0	0	0	0	0	1	0	1200	1	0	0	0	5	9	1	0	0	3	52	"http://db.netkeiba.com/jockey/01068/"	"1:12.1"	7210	"1/2"	3	496	-2	"1130"	"<td class=\"txt_r\">320<br>300<br>190</td>"	"1370"	"6120"	"<td class=\"txt_r\">1,320<br>740<br>840</td>"	"11690"	"7030"	""	"/horse/ped/000a000843/"	"/horse/ped/1990109172/"	"/horse/ped/000a0015ca/"	"/horse/ped/000a009614/"	"/horse/ped/000a001702/"	"/horse/ped/000a0094c2/"	9	"/trainer/00305/"
"http://db.netkeiba.com/horse/2003106330/"	"http://db.netkeiba.com/race/200606030703/"	"2006年4月15日"	0	0	1	0	0	0	0	0	0	0	7	0	1	0	0	0	0	0	0	0	0	1	1200	0	1	0	0	3	3	0	1	0	3	54	"http://db.netkeiba.com/jockey/00684/"	"1:12.7"	7270	"ハナ"	2	478	-8	"4020"	"<td class=\"txt_r\">840<br>230<br>580</td>"	"7980"	"6970"	"<td class=\"txt_r\">2,130<br>4,370<br>970</td>"	"20790"	"22380"	""	"/horse/ped/000a001a8f/"	"/horse/ped/000a00fa4e/"	"/horse/ped/000a0012bf/"	"/horse/ped/000a0085ed/"	"/horse/ped/000a001ff2/"	"/horse/ped/000a00fa71/"	2	"/trainer/00420/"
"http://db.netkeiba.com/horse/2012101772/"	"http://db.netkeiba.com/race/201507010206/"	"2015年1月18日"	0	0	0	0	1	0	0	0	0	0	2	1	0	0	0	0	0	0	0	0	1	0	2000	1	0	0	0	7	8	1	0	0	3	54	"http://db.netkeiba.com/jockey/01154/"	"2:08.4"	12840	"アタマ"	4	494	0	"400"	"<td class=\"txt_r\">150<br>200<br>170</td>"	"1900"	"2140"	"<td class=\"txt_r\">730<br>270<br>580</td>"	"3770"	"2570"	"17740"	"/horse/ped/1995104427/"	"/horse/ped/2000106533/"	"/horse/ped/000a0000cc/"	"/horse/ped/000a0062e2/"	"/horse/ped/1993109188/"	"/horse/ped/1991102105/"	5	"/trainer/00343/"
"http://db.netkeiba.com/horse/1995103515/"	"http://db.netkeiba.com/race/199806050708/"	"1998年12月26日"	0	0	1	0	0	0	0	0	0	0	7	0	0	1	0	0	0	0	0	0	0	1	1800	1	0	0	0	1	1	1	0	0	4	54	"http://db.netkeiba.com/jockey/01031/"	"1:57.5"	11750	"1"	3	470	10	"250"	"<td class=\"txt_r\">130<br>670<br>250</td>"	"1480"	"2930"	""	""	""	""	"/horse/ped/000a00033a/"	"/horse/ped/000a0063ee/"	"/horse/ped/000a0012bf/"	"/horse/ped/000a008c1e/"	"/horse/ped/000a0019da/"	"/horse/ped/000a009551/"	10	"/trainer/00349/"
"http://db.netkeiba.com/horse/1996104245/"	"http://db.netkeiba.com/race/200007010308/"	"2000年3月11日"	0	0	0	0	1	0	0	0	0	0	3	0	0	1	0	0	0	0	0	0	0	1	1700	1	0	0	0	2	2	1	0	0	5	56	"http://db.netkeiba.com/jockey/00639/"	"1:51.6"	11160	"ハナ"	15	476	0	"990"	"<td class=\"txt_r\">390<br>230<br>1,090</td>"	"3230"	"3270"	"<td class=\"txt_r\">1,240<br>6,930<br>3,120</td>"	""	""	""	"/horse/ped/1983109006/"	"/horse/ped/1984102398/"	"/horse/ped/000a000827/"	"/horse/ped/000a00859c/"	"/horse/ped/000a000117/"	"/horse/ped/1977104347/"	13	"/trainer/00295/"
"http://db.netkeiba.com/horse/2008103639/"	"http://db.netkeiba.com/race/201003030310/"	"2010年10月30日"	0	0	0	0	0	0	0	1	0	0	3	0	0	1	0	0	0	0	0	0	1	0	1700	0	1	0	0	1	1	0	1	0	2	54	"http://db.netkeiba.com/jockey/01075/"	"1:44.5"	10450	"1.1/2"	4	456	4	"550"	"<td class=\"txt_r\">190<br>160<br>390</td>"	"840"	"1330"	"<td class=\"txt_r\">400<br>1,470<br>1,110</td>"	"2580"	"7110"	"38040"	"/horse/ped/1997110043/"	"/horse/ped/1989108567/"	"/horse/ped/000a00fdb2/"	"/horse/ped/000a00a464/"	"/horse/ped/000a0016eb/"	"/horse/ped/000a00928a/"	7	"/trainer/01114/"
"http://db.netkeiba.com/horse/2007105580/"	"http://db.netkeiba.com/race/201102020810/"	"2011年8月7日"	0	0	0	0	0	0	0	0	0	1	8	0	0	0	1	0	0	0	0	0	0	1	1700	1	0	0	0	7	10	1	0	0	4	57	"http://db.netkeiba.com/jockey/01019/"	"1:45.6"	10560	"2.1/2"	1	536	4	"950"	"<td class=\"txt_r\">220<br>270<br>110</td>"	"5870"	"5320"	"<td class=\"txt_r\">1,050<br>300<br>480</td>"	"9880"	"2270"	"28550"	"/horse/ped/000a00fa33/"	"/horse/ped/1997103844/"	"/horse/ped/000a001d88/"	"/horse/ped/000a00b29d/"	"/horse/ped/000a000013/"	"/horse/ped/1987100222/"	3	"/trainer/01105/"
"http://db.netkeiba.com/horse/2010105406/"	"http://db.netkeiba.com/race/201306030603/"	"2013年4月7日"	0	0	1	0	0	0	0	0	0	0	6	0	1	0	0	0	0	0	0	0	0	1	1200	0	0	0	1	4	7	0	1	0	3	54	"http://db.netkeiba.com/jockey/01091/"	"1:15.4"	7540	"ハナ"	15	456	0	"320"	"<td class=\"txt_r\">130<br>120<br>190</td>"	"370"	"390"	"<td class=\"txt_r\">200<br>490<br>380</td>"	"740"	"990"	"3760"	"/horse/ped/000a000082/"	"/horse/ped/2003101376/"	"/horse/ped/000a0012cb/"	"/horse/ped/000a00877c/"	"/horse/ped/1992109618/"	"/horse/ped/1988107420/"	8	"/trainer/01112/"
"http://db.netkeiba.com/horse/1998102646/"	"http://db.netkeiba.com/race/200207030206/"	"2002年12月1日"	0	0	0	0	1	0	0	0	0	0	2	0	0	1	0	0	0	0	0	0	0	1	1700	1	0	0	0	7	14	1	0	0	4	57	"http://db.netkeiba.com/jockey/00171/"	"1:48.6"	10860	"3/4"	9	484	2	"330"	"<td class=\"txt_r\">140<br>230<br>920</td>"	"790"	"1110"	"<td class=\"txt_r\">480<br>1,520<br>3,010</td>"	"1580"	"9180"	""	"/horse/ped/000a0001aa/"	"/horse/ped/1986106280/"	"/horse/ped/000a0012bf/"	"/horse/ped/000a00a1d6/"	"/horse/ped/000a00022a/"	"/horse/ped/1975103517/"	3	"/trainer/00412/"
"http://db.netkeiba.com/horse/2001109444/"	"http://db.netkeiba.com/race/200306060803/"	"2003年12月28日"	0	0	1	0	0	0	0	0	0	0	8	0	1	0	0	0	0	0	0	0	1	0	2000	1	0	0	0	3	5	1	0	0	2	55	"http://db.netkeiba.com/jockey/00672/"	"2:04.5"	12450	"ハナ"	15	498	4	"550"	"<td class=\"txt_r\">210<br>820<br>350</td>"	"6350"	"8110"	"<td class=\"txt_r\">2,570<br>840<br>4,250</td>"	"11750"	"15870"	""	"/horse/ped/1992110167/"	"/horse/ped/000a006750/"	"/horse/ped/000a001beb/"	"/horse/ped/000a0099ab/"	"/horse/ped/000a00184b/"	"/horse/ped/000a00af44/"	13	"/trainer/00380/"
"http://db.netkeiba.com/horse/2010104981/"	"http://db.netkeiba.com/race/201307030204/"	"2013年6月30日"	0	0	0	0	1	0	0	0	0	0	2	0	1	0	0	0	0	0	0	0	1	0	2200	1	0	0	0	1	1	1	0	0	3	56	"http://db.netkeiba.com/jockey/01037/"	"2:18.5"	13850	"1.1/4"	14	460	-2	"150"	"<td class=\"txt_r\">100<br>130<br>120</td>"	"150"	"380"	"<td class=\"txt_r\">170<br>140<br>230</td>"	"510"	"250"	"960"	"/horse/ped/000a011227/"	"/horse/ped/1998103255/"	"/horse/ped/000a0022ea/"	"/horse/ped/000a0111a6/"	"/horse/ped/1993109188/"	"/horse/ped/1992105841/"	5	"/trainer/00431/"
"http://db.netkeiba.com/horse/1997107690/"	"http://db.netkeiba.com/race/200009020509/"	"2000年4月8日"	0	0	0	1	0	0	0	0	0	0	5	0	0	1	0	0	0	0	0	0	0	1	1800	1	0	0	0	7	9	1	0	0	4	55	"http://db.netkeiba.com/jockey/00652/"	"1:54.2"	11420	"ハナ"	8	480	0	"250"	"<td class=\"txt_r\">130<br>650<br>130</td>"	"3680"	"4120"	"<td class=\"txt_r\">1,210<br>220<br>950</td>"	""	""	""	"/horse/ped/000a000d87/"	"/horse/ped/000a00638f/"	"/horse/ped/000a000dfe/"	"/horse/ped/000a008e04/"	"/horse/ped/000a0015fc/"	"/horse/ped/000a00936f/"	4	"/trainer/00330/"
"http://db.netkeiba.com/horse/1998102117/"	"http://db.netkeiba.com/race/200106030702/"	"2001年4月14日"	0	0	1	0	0	0	0	0	0	0	7	0	1	0	0	0	0	0	0	0	0	1	1200	1	0	0	0	8	15	0	1	0	3	51	"http://db.netkeiba.com/jockey/01051/"	"1:15.5"	7550	"1.3/4"	9	466	-12	"2880"	"<td class=\"txt_r\">390<br>200<br>120</td>"	"3530"	"8100"	"<td class=\"txt_r\">1,900<br>960<br>390</td>"	""	""	""	"/horse/ped/1990108898/"	"/horse/ped/1992106438/"	"/horse/ped/1983109006/"	"/horse/ped/1982101897/"	"/horse/ped/1980107022/"	"/horse/ped/1982103716/"	12	"/trainer/01035/"
"http://db.netkeiba.com/horse/2002100160/"	"http://db.netkeiba.com/race/200401020201/"	"2004年9月12日"	0	0	0	0	0	0	0	0	1	0	2	0	1	0	0	0	0	0	0	0	1	0	1500	1	0	0	0	5	7	1	0	0	2	54	"http://db.netkeiba.com/jockey/00705/"	"1:30.5"	9050	""	1	466	-4	"130"	"<td class=\"txt_r\">110<br>300<br>280</td>"	"740"	"760"	"<td class=\"txt_r\">380<br>390<br>1,900</td>"	"900"	"2380"	""	"/horse/ped/1995104427/"	"/horse/ped/1997103742/"	"/horse/ped/000a0000cc/"	"/horse/ped/000a0062e2/"	"/horse/ped/1985103538/"	"/horse/ped/1990106921/"	1	"/trainer/01024/"
"http://db.netkeiba.com/horse/1990103939/"	"http://db.netkeiba.com/race/199306040804/"	"1993年10月3日"	0	0	1	0	0	0	0	0	0	0	8	0	1	0	0	0	0	0	0	0	1	0	1200	1	0	0	0	5	7	0	1	0	4	53	"http://db.netkeiba.com/jockey/00590/"	"1:12.3"	7230	"1/2"	9	466	16	"1330"	"<td class=\"txt_r\">290<br>110<br>200</td>"	"850"	"1040"	""	""	""	""	"/horse/ped/000a000d18/"	"/horse/ped/1984104005/"	"/horse/ped/000a000e04/"	"/horse/ped/000a0085dc/"	"/horse/ped/000a0002a9/"	"/horse/ped/1975102533/"	6	"/trainer/00320/"
"http://db.netkeiba.com/horse/1998104600/"	"http://db.netkeiba.com/race/200406050412/"	"2004年12月12日"	0	0	1	0	0	0	0	0	0	0	4	0	0	0	1	0	0	0	0	0	1	0	2000	1	0	0	0	5	5	1	0	0	6	57	"http://db.netkeiba.com/jockey/00730/"	"2:04.3"	12430	"2.1/2"	11	462	6	"250"	"<td class=\"txt_r\">160<br>620<br>380</td>"	"1300"	"4130"	"<td class=\"txt_r\">1,630<br>670<br>4,090</td>"	"6020"	"11360"	"72310"	"/horse/ped/1984101673/"	"/horse/ped/1983102644/"	"/horse/ped/1975107312/"	"/horse/ped/1955108273/"	"/horse/ped/000a000253/"	"/horse/ped/1955102844/"	11	"/trainer/00385/"
"http://db.netkeiba.com/horse/2004100662/"	"http://db.netkeiba.com/race/200905020610/"	"2009年5月10日"	0	1	0	0	0	0	0	0	0	0	6	0	0	0	0	0	1	0	0	0	0	1	1600	1	0	0	0	6	12	1	0	0	5	55	"http://db.netkeiba.com/jockey/01014/"	"1:35.7"	9570	"ハナ"	7	472	4	"500"	"<td class=\"txt_r\">170<br>180<br>580</td>"	"710"	"1170"	"<td class=\"txt_r\">450<br>1,920<br>1,640</td>"	"2530"	"8470"	"39210"	"/horse/ped/000a00013a/"	"/horse/ped/1996101720/"	"/horse/ped/000a001849/"	"/horse/ped/000a00a946/"	"/horse/ped/000a00033a/"	"/horse/ped/000a00646f/"	6	"/trainer/01039/"
"http://db.netkeiba.com/horse/2000100421/"	"http://db.netkeiba.com/race/200506040610/"	"2005年9月25日"	0	0	1	0	0	0	0	0	0	0	6	0	0	0	1	0	0	0	0	0	0	1	1200	0	0	1	0	5	9	1	0	0	5	57	"http://db.netkeiba.com/jockey/00699/"	"1:13.1"	7310	"3/4"	8	508	-2	"2960"	"<td class=\"txt_r\">430<br>140<br>480</td>"	"1840"	"2090"	"<td class=\"txt_r\">940<br>4,860<br>1,010</td>"	"5360"	"16560"	"71070"	"/horse/ped/000a000d69/"	"/horse/ped/1986100455/"	"/horse/ped/000a001607/"	"/horse/ped/000a0093c1/"	"/horse/ped/1979101247/"	"/horse/ped/1978106463/"	12	"/trainer/01027/"
"http://db.netkeiba.com/horse/2002102980/"	"http://db.netkeiba.com/race/200408040305/"	"2004年10月16日"	1	0	0	0	0	0	0	0	0	0	3	1	0	0	0	0	0	0	0	0	1	0	1200	1	0	0	0	1	1	1	0	0	2	55	"http://db.netkeiba.com/jockey/00666/"	"1:11.4"	7140	"4"	1	460	0	"370"	"<td class=\"txt_r\">110<br>100<br>200</td>"	"190"	"210"	"<td class=\"txt_r\">130<br>350<br>240</td>"	"560"	"580"	""	"/horse/ped/000a00013a/"	"/horse/ped/000a006767/"	"/horse/ped/000a001849/"	"/horse/ped/000a00a946/"	"/horse/ped/000a0016eb/"	"/horse/ped/000a008574/"	2	"/trainer/01022/"
"http://db.netkeiba.com/horse/2001103707/"	"http://db.netkeiba.com/race/200507020807/"	"2005年6月12日"	0	0	0	0	1	0	0	0	0	0	8	0	0	1	0	0	0	0	0	0	0	1	1700	1	0	0	0	8	15	1	0	0	4	57	"http://db.netkeiba.com/jockey/00680/"	"1:47.9"	10790	"1/2"	12	496	-8	"770"	"<td class=\"txt_r\">290<br>340<br>240</td>"	"3390"	"4780"	"<td class=\"txt_r\">1,330<br>1,240<br>1,370</td>"	"8020"	"12330"	""	"/horse/ped/1992190011/"	"/horse/ped/1986105893/"	"/horse/ped/000a001dde/"	"/horse/ped/000a00a870/"	"/horse/ped/000a000b7f/"	"/horse/ped/1976105266/"	7	"/trainer/01025/"
"http://db.netkeiba.com/horse/1999103356/"	"http://db.netkeiba.com/race/200410020610/"	"2004年8月1日"	0	0	0	0	0	0	1	0	0	0	6	0	0	0	1	0	0	0	0	0	1	0	1200	0	0	0	1	7	13	0	1	0	5	55	"http://db.netkeiba.com/jockey/00945/"	"1:08.4"	6840	""	2	444	6	"500"	"<td class=\"txt_r\">200<br>340<br>760</td>"	"930"	"2470"	"<td class=\"txt_r\">880<br>2,580<br>3,640</td>"	"4540"	"23700"	""	"/horse/ped/1984101673/"	"/horse/ped/1993102787/"	"/horse/ped/1975107312/"	"/horse/ped/1955108273/"	"/horse/ped/000a0000cc/"	"/horse/ped/1986100359/"	1	"/trainer/00400/"
"http://db.netkeiba.com/horse/1992103745/"	"http://db.netkeiba.com/race/199407030502/"	"1994年9月24日"	0	0	0	0	1	0	0	0	0	0	5	0	1	0	0	0	0	0	0	0	0	1	1000	1	0	0	0	2	2	1	0	0	3	53	"http://db.netkeiba.com/jockey/00700/"	"1:00.7"	6070	""	3	474	-6	"410"	"<td class=\"txt_r\">130<br>130<br>120</td>"	"640"	"720"	""	""	""	""	"/horse/ped/000a000d5d/"	"/horse/ped/1978106874/"	"/horse/ped/000a0000d3/"	"/horse/ped/000a00831a/"	"/horse/ped/000a000117/"	"/horse/ped/000a000630/"	1	"/trainer/00334/"
"http://db.netkeiba.com/horse/1994105035/"	"http://db.netkeiba.com/race/199703010310/"	"1997年6月21日"	0	0	0	0	0	0	0	1	0	0	3	0	0	1	0	0	0	0	0	0	1	0	2000	1	0	0	0	6	6	0	1	0	4	53	"http://db.netkeiba.com/jockey/05063/"	"2:02.0"	12200	"1"	9	458	-17	"280"	"<td class=\"txt_r\">120<br>150<br>610</td>"	"510"	"730"	""	""	""	""	"/horse/ped/1980107022/"	"/horse/ped/1982100715/"	"/horse/ped/000a0003c7/"	"/horse/ped/1955106410/"	"/horse/ped/000a0004d6/"	"/horse/ped/000a0005c3/"	3	"/trainer/05082/"
"http://db.netkeiba.com/horse/2011105044/"	"http://db.netkeiba.com/race/201308050709/"	"2013年11月23日"	1	0	0	0	0	0	0	0	0	0	7	0	0	0	0	0	1	0	0	0	1	0	2000	1	0	0	0	8	8	1	0	0	2	55	"http://db.netkeiba.com/jockey/01014/"	"2:02.0"	12200	"3"	7	442	2	"150"	"<td class=\"txt_r\">110<br>270<br>220</td>"	"890"	"1110"	"<td class=\"txt_r\">450<br>330<br>1,040</td>"	"1200"	"2220"	"6060"	"/horse/ped/2001103460/"	"/horse/ped/2000101655/"	"/horse/ped/000a001d7e/"	"/horse/ped/000a00680e/"	"/horse/ped/000a00033a/"	"/horse/ped/1992110256/"	9	"/trainer/01011/"
"http://db.netkeiba.com/horse/2007103262/"	"http://db.netkeiba.com/race/201005010803/"	"2010年2月21日"	0	1	0	0	0	0	0	0	0	0	8	0	1	0	0	0	0	0	0	0	0	1	1600	1	0	0	0	8	16	0	1	0	3	54	"http://db.netkeiba.com/jockey/05243/"	"1:42.0"	10200	"1.3/4"	10	430	10	"410"	"<td class=\"txt_r\">160<br>270<br>170</td>"	"2530"	"2360"	"<td class=\"txt_r\">760<br>430<br>710</td>"	"4060"	"3370"	"20040"	"/horse/ped/000a0003a1/"	"/horse/ped/000a0067d2/"	"/horse/ped/000a00185f/"	"/horse/ped/000a009f4c/"	"/horse/ped/000a001bd5/"	"/horse/ped/000a00af62/"	6	"/trainer/00341/"
"http://db.netkeiba.com/horse/2010101445/"	"http://db.netkeiba.com/race/201309010706/"	"2013年3月16日"	0	0	0	1	0	0	0	0	0	0	7	1	0	0	0	0	0	0	0	0	1	0	1800	1	0	0	0	2	4	0	1	0	3	54	"http://db.netkeiba.com/jockey/00894/"	"1:53.3"	11330	"5"	5	450	0	"220"	"<td class=\"txt_r\">110<br>110<br>190</td>"	"200"	"230"	"<td class=\"txt_r\">140<br>380<br>330</td>"	"510"	"600"	"1720"	"/horse/ped/2002100996/"	"/horse/ped/2005106023/"	"/horse/ped/000a00033a/"	"/horse/ped/1993109154/"	"/horse/ped/000a000134/"	"/horse/ped/1993109959/"	14	"/trainer/01002/"
"http://db.netkeiba.com/horse/2003103589/"	"http://db.netkeiba.com/race/200606040307/"	"2006年9月16日"	0	0	1	0	0	0	0	0	0	0	3	0	1	0	0	0	0	0	0	0	1	0	1600	1	0	0	0	8	15	0	1	0	3	54	"http://db.netkeiba.com/jockey/01059/"	"1:36.5"	9650	"クビ"	12	428	4	"460"	"<td class=\"txt_r\">160<br>190<br>430</td>"	"760"	"960"	"<td class=\"txt_r\">380<br>1,190<br>1,200</td>"	"1960"	"4340"	""	"/horse/ped/1993109188/"	"/horse/ped/1997103468/"	"/horse/ped/000a00033a/"	"/horse/ped/000a0062c2/"	"/horse/ped/1989109102/"	"/horse/ped/1984104440/"	13	"/trainer/01030/"
"http://db.netkeiba.com/horse/1987101940/"	"http://db.netkeiba.com/race/199007030202/"	"1990年9月9日"	0	0	0	0	1	0	0	0	0	0	2	0	1	0	0	0	0	0	0	0	0	1	1700	1	0	0	0	3	3	1	0	0	4	55	"http://db.netkeiba.com/jockey/00337/"	"1:49.3"	10930	""	1	462	-2	"170"	"<td class=\"txt_r\">110<br>140<br>590</td>"	"230"	""	""	""	""	""	"/horse/ped/1975102626/"	"/horse/ped/000a0057f9/"	"/horse/ped/000a000dfe/"	"/horse/ped/000a0007db/"	"/horse/ped/000a00016b/"	"/horse/ped/000a002f04/"	1	"/trainer/00211/"
"http://db.netkeiba.com/horse/2000106229/"	"http://db.netkeiba.com/race/200206050701/"	"2002年12月21日"	0	0	1	0	0	0	0	0	0	0	7	0	1	0	0	0	0	0	0	0	0	1	1200	1	0	0	0	6	11	1	0	0	2	54	"http://db.netkeiba.com/jockey/00629/"	"1:16.3"	7630	"ハナ"	2	466	0	"800"	"<td class=\"txt_r\">240<br>260<br>870</td>"	"1390"	"2470"	"<td class=\"txt_r\">960<br>2,190<br>2,930</td>"	"5660"	"19930"	""	"/horse/ped/000a000d8a/"	"/horse/ped/1994106713/"	"/horse/ped/000a001fbd/"	"/horse/ped/000a00a443/"	"/horse/ped/000a000082/"	"/horse/ped/1982103849/"	10	"/trainer/00320/"
"http://db.netkeiba.com/horse/2003101841/"	"http://db.netkeiba.com/race/200601020804/"	"2006年10月1日"	0	0	0	0	0	0	0	0	1	0	8	0	1	0	0	0	0	0	0	0	0	1	1700	1	0	0	0	4	5	0	1	0	3	54	"http://db.netkeiba.com/jockey/01062/"	"1:49.1"	10910	"1/2"	10	430	-2	"640"	"<td class=\"txt_r\">210<br>150<br>470</td>"	"1380"	"1410"	"<td class=\"txt_r\">510<br>1,610<br>770</td>"	"2990"	"7970"	""	"/horse/ped/1993101059/"	"/horse/ped/1994102320/"	"/horse/ped/000a00033a/"	"/horse/ped/000a006380/"	"/horse/ped/000a000082/"	"/horse/ped/1981105306/"	7	"/trainer/00423/"
"http://db.netkeiba.com/horse/2011104307/"	"http://db.netkeiba.com/race/201409010611/"	"2014年3月16日"	0	0	0	1	0	0	0	0	0	0	6	0	0	0	0	0	0	0	1	0	1	0	1400	1	0	0	0	1	2	0	1	0	3	54	"http://db.netkeiba.com/jockey/05212/"	"1:22.6"	8260	"1/2"	5	468	0	"560"	"<td class=\"txt_r\">260<br>5,520<br>420</td>"	"1450"	"76030"	"<td class=\"txt_r\">18,330<br>1,470<br>25,080</td>"	"88570"	"253310"	"1750540"	"/horse/ped/1989108341/"	"/horse/ped/2003102585/"	"/horse/ped/1982101222/"	"/horse/ped/1984104366/"	"/horse/ped/1995108742/"	"/horse/ped/1992109549/"	6	"/trainer/01039/"
"http://db.netkeiba.com/horse/1991109642/"	"http://db.netkeiba.com/race/199404030706/"	"1994年9月3日"	0	0	0	0	0	1	0	0	0	0	7	0	1	0	0	0	0	0	0	0	1	0	2200	1	0	0	0	8	10	0	1	0	4	53	"http://db.netkeiba.com/jockey/00693/"	"2:18.4"	13840	"3"	7	418	-6	"190"	"<td class=\"txt_r\">100<br>110<br>110</td>"	"370"	"370"	""	""	""	""	"/horse/ped/000a000159/"	"/horse/ped/1975104816/"	"/horse/ped/000a000dfe/"	"/horse/ped/000a00865f/"	"/horse/ped/000a0000ee/"	"/horse/ped/000a0033b7/"	4	"/trainer/00101/"
"http://db.netkeiba.com/horse/1995105434/"	"http://db.netkeiba.com/race/199904020808/"	"1999年8月8日"	0	0	0	0	0	1	0	0	0	0	8	0	0	1	0	0	0	0	0	0	1	0	2000	1	0	0	0	6	9	1	0	0	5	57	"http://db.netkeiba.com/jockey/00712/"	"2:04.4"	12440	"9"	13	514	-6	"1060"	"<td class=\"txt_r\">250<br>150<br>130</td>"	"1140"	"1900"	""	""	""	""	"/horse/ped/000a000260/"	"/horse/ped/1982107132/"	"/horse/ped/000a00185d/"	"/horse/ped/000a008c03/"	"/horse/ped/000a000afe/"	"/horse/ped/1976107505/"	13	"/trainer/00274/"
"http://db.netkeiba.com/horse/2000101319/"	"http://db.netkeiba.com/race/200304020803/"	"2003年8月10日"	0	0	0	0	0	1	0	0	0	0	8	0	1	0	0	0	0	0	0	0	0	1	1200	0	1	0	0	6	10	1	0	0	3	56	"http://db.netkeiba.com/jockey/00597/"	"1:16.8"	7680	"2"	4	462	14	"390"	"<td class=\"txt_r\">200<br>430<br>320</td>"	"3600"	"3030"	"<td class=\"txt_r\">930<br>610<br>2,020</td>"	"5710"	"9200"	""	"/horse/ped/1992190007/"	"/horse/ped/1992109488/"	"/horse/ped/000a0015e0/"	"/horse/ped/000a00a490/"	"/horse/ped/000a000258/"	"/horse/ped/000a006322/"	12	"/trainer/00390/"
"http://db.netkeiba.com/horse/2001104535/"	"http://db.netkeiba.com/race/200409040210/"	"2004年9月12日"	0	0	0	1	0	0	0	0	0	0	2	0	0	0	1	0	0	0	0	0	1	0	2000	1	0	0	0	3	3	1	0	0	3	54	"http://db.netkeiba.com/jockey/00666/"	"2:01.0"	12100	"クビ"	2	502	-8	"740"	"<td class=\"txt_r\">320<br>240</td>"	"1890"	""	"<td class=\"txt_r\">3,760</td>"	"3880"	"24680"	""	"/horse/ped/1984101673/"	"/horse/ped/1995102382/"	"/horse/ped/1975107312/"	"/horse/ped/1955108273/"	"/horse/ped/1982103568/"	"/horse/ped/1987106684/"	6	"/trainer/01018/"
"http://db.netkeiba.com/horse/1989102471/"	"http://db.netkeiba.com/race/199203030608/"	"1992年11月15日"	0	0	0	0	0	0	0	1	0	0	6	0	1	0	0	0	0	0	0	0	1	0	1200	1	0	0	0	6	9	1	0	0	4	55	"http://db.netkeiba.com/jockey/00635/"	"1:12.7"	7270	"1/2"	3	418	-4	"440"	"<td class=\"txt_r\">150<br>200<br>140</td>"	"1050"	"1470"	""	""	""	""	"/horse/ped/000a000d01/"	"/horse/ped/1955104487/"	"/horse/ped/000a0007e5/"	"/horse/ped/000a0082aa/"	"/horse/ped/000a0004ae/"	"/horse/ped/1955101154/"	6	"/trainer/00245/"
"http://db.netkeiba.com/horse/1994104772/"	"http://db.netkeiba.com/race/200007020111/"	"2000年5月20日"	0	0	0	0	1	0	0	0	0	0	1	0	0	0	0	1	0	0	0	0	0	1	1700	0	1	0	0	3	6	1	0	0	7	56	"http://db.netkeiba.com/jockey/00652/"	"1:45.4"	10540	"1/2"	5	490	0	"1460"	"<td class=\"txt_r\">370<br>170<br>240</td>"	"2060"	"3190"	"<td class=\"txt_r\">1,140<br>1,270<br>580</td>"	""	""	""	"/horse/ped/1986109003/"	"/horse/ped/1988104543/"	"/horse/ped/000a00185d/"	"/horse/ped/000a000103/"	"/horse/ped/000a000b68/"	"/horse/ped/1982103103/"	4	"/trainer/01006/"
"http://db.netkeiba.com/horse/2008102799/"	"http://db.netkeiba.com/race/201305050806/"	"2013年11月24日"	0	1	0	0	0	0	0	0	0	0	8	0	0	1	0	0	0	0	0	0	1	0	2400	1	0	0	0	8	16	1	0	0	5	57	"http://db.netkeiba.com/jockey/01043/"	"2:26.0"	14600	"ハナ"	4	464	4	"2170"	"<td class=\"txt_r\">520<br>160<br>200</td>"	"670"	"3560"	"<td class=\"txt_r\">1,650<br>1,610<br>370</td>"	"11230"	"7110"	"68470"	"/horse/ped/2001103038/"	"/horse/ped/000a010e98/"	"/horse/ped/000a00033a/"	"/horse/ped/1990104626/"	"/horse/ped/000a00199d/"	"/horse/ped/000a010de3/"	4	"/trainer/01089/"
"http://db.netkeiba.com/horse/1989100560/"	"http://db.netkeiba.com/race/199209010202/"	"1992年3月1日"	0	0	0	1	0	0	0	0	0	0	2	0	1	0	0	0	0	0	0	0	0	1	1400	1	0	0	0	7	9	0	1	0	4	53	"http://db.netkeiba.com/jockey/00588/"	"1:29.2"	8920	"アタマ"	8	432	6	"140"	"<td class=\"txt_r\">110<br>350<br>570</td>"	"880"	"910"	""	""	""	""	"/horse/ped/000a0004d6/"	"/horse/ped/1977104008/"	"/horse/ped/000a000e04/"	"/horse/ped/000a0071df/"	"/horse/ped/000a00000d/"	"/horse/ped/1955100191/"	3	"/trainer/00224/"
"http://db.netkeiba.com/horse/2005100813/"	"http://db.netkeiba.com/race/200709050805/"	"2007年12月23日"	0	0	0	1	0	0	0	0	0	0	8	1	0	0	0	0	0	0	0	0	1	0	1400	0	0	1	0	3	6	1	0	0	2	55	"http://db.netkeiba.com/jockey/00637/"	"1:25.0"	8500	"3.1/2"	3	482	0	"2980"	"<td class=\"txt_r\">460<br>130<br>130</td>"	"840"	"3330"	"<td class=\"txt_r\">1,300<br>1,390<br>220</td>"	"10150"	"2610"	""	"/horse/ped/1999104188/"	"/horse/ped/1987107256/"	"/horse/ped/000a00033a/"	"/horse/ped/1992110101/"	"/horse/ped/1975101505/"	"/horse/ped/1978104413/"	5	"/trainer/00396/"
"http://db.netkeiba.com/horse/1990102827/"	"http://db.netkeiba.com/race/199307010512/"	"1993年12月11日"	0	0	0	0	1	0	0	0	0	0	5	0	0	1	0	0	0	0	0	0	1	0	1800	1	0	0	0	1	2	1	0	0	4	55	"http://db.netkeiba.com/jockey/00685/"	"1:51.4"	11140	"ハナ"	1	424	-4	"580"	"<td class=\"txt_r\">250<br>200<br>300</td>"	"490"	"1910"	""	""	""	""	"/horse/ped/1980103640/"	"/horse/ped/1955105321/"	"/horse/ped/000a00026d/"	"/horse/ped/000a00075e/"	"/horse/ped/000a000ae0/"	"/horse/ped/1955100246/"	5	"/trainer/00269/"
"http://db.netkeiba.com/horse/1993108868/"	"http://db.netkeiba.com/race/199506050305/"	"1995年12月9日"	0	0	1	0	0	0	0	0	0	0	3	1	0	0	0	0	0	0	0	0	1	0	1600	1	0	0	0	7	14	0	1	0	3	53	"http://db.netkeiba.com/jockey/00695/"	"1:36.6"	9660	"クビ"	13	484	0	"2060"	"<td class=\"txt_r\">340<br>480<br>130</td>"	"2510"	"9560"	""	""	""	""	"/horse/ped/1978106598/"	"/horse/ped/1985103426/"	"/horse/ped/000a000b2b/"	"/horse/ped/000a000581/"	"/horse/ped/000a0004c2/"	"/horse/ped/1979101550/"	5	"/trainer/00305/"
"http://db.netkeiba.com/horse/2008102644/"	"http://db.netkeiba.com/race/201310020710/"	"2013年8月17日"	0	0	0	0	0	0	1	0	0	0	7	0	0	1	0	0	0	0	0	0	1	0	1200	1	0	0	0	7	15	1	0	0	5	57	"http://db.netkeiba.com/jockey/01088/"	"1:08.1"	6810	"1.1/4"	6	448	-6	"1160"	"<td class=\"txt_r\">300<br>130<br>460</td>"	"1230"	"1400"	"<td class=\"txt_r\">620<br>2,080<br>860</td>"	"4170"	"6810"	"43740"	"/horse/ped/000a00fd4c/"	"/horse/ped/2000101467/"	"/horse/ped/000a0000d1/"	"/horse/ped/000a00fd7f/"	"/horse/ped/000a00033a/"	"/horse/ped/1988107344/"	8	"/trainer/00348/"
"http://db.netkeiba.com/horse/1990103130/"	"http://db.netkeiba.com/race/199403020511/"	"1994年10月15日"	0	0	0	0	0	0	0	1	0	0	5	0	0	1	0	0	0	0	0	0	1	0	2600	1	0	0	0	3	3	1	0	0	5	57	"http://db.netkeiba.com/jockey/00299/"	"2:40.8"	16080	"1.1/4"	3	430	0	"190"	"<td class=\"txt_r\">110<br>170<br>270</td>"	"480"	"500"	""	""	""	""	"/horse/ped/1983109006/"	"/horse/ped/1983101532/"	"/horse/ped/000a000827/"	"/horse/ped/000a00859c/"	"/horse/ped/000a000b68/"	"/horse/ped/1955104585/"	2	"/trainer/00210/"
"http://db.netkeiba.com/horse/1994109510/"	"http://db.netkeiba.com/race/199702010404/"	"1997年6月15日"	0	0	0	0	0	0	0	0	0	1	4	0	1	0	0	0	0	0	0	0	0	1	1000	1	0	0	0	1	1	1	0	0	4	55	"http://db.netkeiba.com/jockey/00630/"	"1:01.9"	6190	"アタマ"	4	470	0	"150"	"<td class=\"txt_r\">100<br>140<br>330</td>"	"350"	"370"	""	""	""	""	"/horse/ped/000a00006e/"	"/horse/ped/000a00a1fa/"	"/horse/ped/000a0017b0/"	"/horse/ped/000a009d6e/"	"/horse/ped/000a0019aa/"	"/horse/ped/000a00a24a/"	4	"/trainer/00192/"
"http://db.netkeiba.com/horse/1995108054/"	"http://db.netkeiba.com/race/199903010312/"	"1999年6月26日"	0	0	0	0	0	0	0	1	0	0	3	0	0	1	0	0	0	0	0	0	1	0	1800	1	0	0	0	1	2	0	1	0	5	55	"http://db.netkeiba.com/jockey/00712/"	"1:49.1"	10910	"クビ"	12	466	14	"2590"	"<td class=\"txt_r\">560<br>160<br>380</td>"	"870"	"4990"	""	""	""	""	"/horse/ped/1986109003/"	"/horse/ped/000a000175/"	"/horse/ped/000a00185d/"	"/horse/ped/000a000103/"	"/horse/ped/000a001350/"	"/horse/ped/000a00883b/"	5	"/trainer/01004/"
"http://db.netkeiba.com/horse/2009100875/"	"http://db.netkeiba.com/race/201209010405/"	"2012年3月4日"	0	0	0	1	0	0	0	0	0	0	4	1	0	0	0	0	0	0	0	0	1	0	1600	1	0	0	0	7	14	1	0	0	3	56	"http://db.netkeiba.com/jockey/00674/"	"1:40.0"	10000	"ハナ"	10	490	0	"190"	"<td class=\"txt_r\">120<br>490<br>860</td>"	"2220"	"2290"	"<td class=\"txt_r\">820<br>1,380<br>4,390</td>"	"3580"	"19450"	"66700"	"/horse/ped/2000101517/"	"/horse/ped/1993104125/"	"/horse/ped/000a00033a/"	"/horse/ped/000a006722/"	"/horse/ped/000a000d54/"	"/horse/ped/1981105550/"	11	"/trainer/00368/"
"http://db.netkeiba.com/horse/1993101721/"	"http://db.netkeiba.com/race/199808060106/"	"1998年11月7日"	1	0	0	0	0	0	0	0	0	0	1	0	0	1	0	0	0	0	0	0	0	1	1200	1	0	0	0	6	7	0	1	0	6	54	"http://db.netkeiba.com/jockey/00718/"	"1:13.1"	7310	"1/2"	11	496	-2	"170"	"<td class=\"txt_r\">120<br>180<br>190</td>"	"830"	"850"	""	""	""	""	"/horse/ped/000a000d5d/"	"/horse/ped/000a00638b/"	"/horse/ped/000a0000d3/"	"/horse/ped/000a00831a/"	"/horse/ped/000a001c2b/"	"/horse/ped/000a009364/"	6	"/trainer/00199/"
"http://db.netkeiba.com/horse/2003110207/"	"http://db.netkeiba.com/race/200605030205/"	"2006年5月21日"	0	1	0	0	0	0	0	0	0	0	2	0	1	0	0	0	0	0	0	0	1	0	1600	1	0	0	0	2	4	0	1	0	3	54	"http://db.netkeiba.com/jockey/00679/"	"1:37.8"	9780	"1/2"	11	420	-4	"1940"	"<td class=\"txt_r\">420<br>210<br>710</td>"	"2130"	"3310"	"<td class=\"txt_r\">1,100<br>3,040<br>1,410</td>"	"8890"	"12490"	""	"/horse/ped/000a000325/"	"/horse/ped/000a00fe67/"	"/horse/ped/000a001676/"	"/horse/ped/000a00a2fd/"	"/horse/ped/000a000687/"	"/horse/ped/000a0090dc/"	17	"/trainer/01007/"
"http://db.netkeiba.com/horse/1990107158/"	"http://db.netkeiba.com/race/199601020611/"	"1996年7月21日"	0	0	0	0	0	0	0	0	1	0	6	0	0	0	0	0	1	0	0	0	1	0	1800	1	0	0	0	1	1	1	0	0	7	57	"http://db.netkeiba.com/jockey/00717/"	"1:50.2"	11020	"2"	12	450	-4	"190"	"<td class=\"txt_r\">110<br>140<br>260</td>"	"370"	"490"	""	""	""	""	"/horse/ped/1983104853/"	"/horse/ped/1982106393/"	"/horse/ped/000a000249/"	"/horse/ped/000a00070a/"	"/horse/ped/000a00004d/"	"/horse/ped/1977105203/"	10	"/trainer/00382/"
"http://db.netkeiba.com/horse/1996200003/"	"http://db.netkeiba.com/race/200407020209/"	"2004年5月23日"	0	0	0	0	1	0	0	0	0	0	2	0	0	0	1	0	0	0	0	0	1	0	2000	1	0	0	0	6	8	1	0	0	8	53	"http://db.netkeiba.com/jockey/00710/"	"2:01.2"	12120	"1/2"	8	500	-2	"1080"	"<td class=\"txt_r\">200<br>200<br>110</td>"	"1960"	"2700"	"<td class=\"txt_r\">940<br>360<br>350</td>"	"6240"	"1720"	""	"/horse/ped/1982103075/"	"/horse/ped/1982200060/"	"/horse/ped/000a000081/"	"/horse/ped/000a0006f0/"	"/horse/ped/000a00026d/"	"/horse/ped/1955200037/"	6	"/trainer/00199/"
"http://db.netkeiba.com/horse/2011104707/"	"http://db.netkeiba.com/race/201303030401/"	"2013年11月10日"	0	0	0	0	0	0	0	1	0	0	4	0	1	0	0	0	0	0	0	0	0	1	1700	1	0	0	0	8	15	1	0	0	2	55	"http://db.netkeiba.com/jockey/01062/"	"1:49.5"	10950	"1.1/2"	8	474	8	"970"	"<td class=\"txt_r\">240<br>140<br>210</td>"	"750"	"1290"	"<td class=\"txt_r\">480<br>970<br>510</td>"	"3300"	"2750"	"18180"	"/horse/ped/2003102809/"	"/horse/ped/1996101191/"	"/horse/ped/000a00033a/"	"/horse/ped/000a0003a2/"	"/horse/ped/1977103827/"	"/horse/ped/1983100947/"	4	"/trainer/00350/"
"http://db.netkeiba.com/horse/2010104042/"	"http://db.netkeiba.com/race/201308031110/"	"2013年5月25日"	1	0	0	0	0	0	0	0	0	0	11	0	0	0	0	0	1	0	0	0	1	0	1800	1	0	0	0	7	11	0	1	0	3	54	"http://db.netkeiba.com/jockey/01115/"	"1:47.6"	10760	"1.1/4"	6	436	-10	"1650"	"<td class=\"txt_r\">410<br>320<br>160</td>"	"1120"	"6440"	"<td class=\"txt_r\">2,140<br>1,210<br>770</td>"	"11030"	"7990"	"76690"	"/horse/ped/2002100816/"	"/horse/ped/2004103059/"	"/horse/ped/000a00033a/"	"/horse/ped/000a0003a2/"	"/horse/ped/000a00013a/"	"/horse/ped/000a006897/"	2	"/trainer/01055/"
"http://db.netkeiba.com/horse/2006105192/"	"http://db.netkeiba.com/race/201209050208/"	"2012年12月2日"	0	0	0	1	0	0	0	0	0	0	2	0	0	0	1	0	0	0	0	0	0	1	1400	1	0	0	0	3	5	1	0	0	6	57	"http://db.netkeiba.com/jockey/01057/"	"1:25.9"	8590	"1/2"	16	526	-4	"1690"	"<td class=\"txt_r\">590<br>270<br>320</td>"	"1200"	"8600"	"<td class=\"txt_r\">2,700<br>3,480<br>980</td>"	"20970"	"27310"	"197470"	"/horse/ped/1988107894/"	"/horse/ped/1988100574/"	"/horse/ped/000a00175b/"	"/horse/ped/000a00006a/"	"/horse/ped/1980106362/"	"/horse/ped/1981103830/"	12	"/trainer/00346/"
"http://db.netkeiba.com/horse/2011101146/"	"http://db.netkeiba.com/race/201406020403/"	"2014年3月9日"	0	0	1	0	0	0	0	0	0	0	4	1	0	0	0	0	0	0	0	0	0	1	1200	1	0	0	0	7	14	0	1	0	3	54	"http://db.netkeiba.com/jockey/01135/"	"1:15.8"	7580	"2.1/2"	12	492	0	"150"	"<td class=\"txt_r\">110<br>200<br>170</td>"	"530"	"760"	"<td class=\"txt_r\">330<br>240<br>810</td>"	"930"	"1570"	"4670"	"/horse/ped/1999110191/"	"/horse/ped/2001107349/"	"/horse/ped/1992190005/"	"/horse/ped/000a00039f/"	"/horse/ped/000a0000df/"	"/horse/ped/1993103166/"	9	"/trainer/01114/"
"http://db.netkeiba.com/horse/2005110149/"	"http://db.netkeiba.com/race/200804020708/"	"2008年8月9日"	0	0	0	0	0	1	0	0	0	0	7	0	0	1	0	0	0	0	0	0	0	1	1200	1	0	0	0	2	2	1	0	0	3	54	"http://db.netkeiba.com/jockey/00684/"	"1:13.8"	7380	"3"	12	468	-2	"560"	"<td class=\"txt_r\">220<br>200<br>560</td>"	"1710"	"1850"	"<td class=\"txt_r\">760<br>2,790<br>1,480</td>"	"3340"	"11150"	"45600"	"/horse/ped/000a00fcdd/"	"/horse/ped/000a010f5d/"	"/horse/ped/000a00031e/"	"/horse/ped/000a00fd18/"	"/horse/ped/000a001e73/"	"/horse/ped/000a010f5c/"	14	"/trainer/00311/"
"http://db.netkeiba.com/horse/1987102169/"	"http://db.netkeiba.com/race/199002010102/"	"1990年8月4日"	0	0	0	0	0	0	0	0	0	1	1	0	1	0	0	0	0	0	0	0	0	1	1000	1	0	0	0	6	6	1	0	0	4	55	"http://db.netkeiba.com/jockey/00648/"	"1:02.7"	6270	"3/4"	3	444	0	"200"	"<td class=\"txt_r\">100<br>120<br>110</td>"	"370"	""	""	""	""	""	"/horse/ped/000a0004e5/"	"/horse/ped/1979101567/"	"/horse/ped/000a000fb2/"	"/horse/ped/000a0071e0/"	"/horse/ped/000a000a0b/"	"/horse/ped/000a00060e/"	3	"/trainer/00243/"
"http://db.netkeiba.com/horse/2001103412/"	"http://db.netkeiba.com/race/200405010409/"	"2004年2月8日"	0	1	0	0	0	0	0	0	0	0	4	0	0	1	0	0	0	0	0	0	1	0	1400	1	0	0	0	5	9	0	1	0	3	54	"http://db.netkeiba.com/jockey/00684/"	"1:23.0"	8300	"クビ"	6	450	-4	"760"	"<td class=\"txt_r\">230<br>150<br>1,210</td>"	"810"	"1290"	"<td class=\"txt_r\">550<br>6,260<br>2,880</td>"	"3570"	"21550"	""	"/horse/ped/1992109618/"	"/horse/ped/000a00657e/"	"/horse/ped/000a00033a/"	"/horse/ped/000a00021e/"	"/horse/ped/000a00181a/"	"/horse/ped/000a00006a/"	5	"/trainer/00404/"
"http://db.netkeiba.com/horse/1996107532/"	"http://db.netkeiba.com/race/199908030803/"	"1999年5月16日"	1	0	0	0	0	0	0	0	0	0	8	0	1	0	0	0	0	0	0	0	1	0	1800	0	1	0	0	4	7	0	1	0	4	53	"http://db.netkeiba.com/jockey/00606/"	"1:48.7"	10870	"2.1/2"	9	454	-4	"240"	"<td class=\"txt_r\">130<br>130<br>130</td>"	"590"	"800"	""	""	""	""	"/horse/ped/000a00021b/"	"/horse/ped/000a00630f/"	"/horse/ped/000a000e32/"	"/horse/ped/000a007cd2/"	"/horse/ped/000a000e04/"	"/horse/ped/000a00917c/"	4	"/trainer/00140/"
"http://db.netkeiba.com/horse/1994102227/"	"http://db.netkeiba.com/race/199805040305/"	"1998年10月17日"	0	1	0	0	0	0	0	0	0	0	3	0	0	1	0	0	0	0	0	0	0	1	1200	0	0	0	1	3	3	1	0	0	5	57	"http://db.netkeiba.com/jockey/00703/"	"1:15.5"	7550	"6"	10	440	-12	"260"	"<td class=\"txt_r\">140<br>550<br>220</td>"	"1090"	"3670"	""	""	""	""	"/horse/ped/1985109002/"	"/horse/ped/1988106659/"	"/horse/ped/000a00193a/"	"/horse/ped/000a008d39/"	"/horse/ped/000a000cef/"	"/horse/ped/1977106783/"	13	"/trainer/00334/"
"http://db.netkeiba.com/horse/2002103278/"	"http://db.netkeiba.com/race/200508030503/"	"2005年5月7日"	1	0	0	0	0	0	0	0	0	0	5	0	1	0	0	0	0	0	0	0	0	1	1200	0	0	0	1	7	14	1	0	0	3	56	"http://db.netkeiba.com/jockey/00657/"	"1:15.1"	7510	"3.1/2"	8	456	-4	"860"	"<td class=\"txt_r\">200<br>130<br>490</td>"	"710"	"600"	"<td class=\"txt_r\">290<br>1,520<br>930</td>"	"2030"	"3950"	""	"/horse/ped/000a0000df/"	"/horse/ped/1996102521/"	"/horse/ped/000a001849/"	"/horse/ped/000a00a0c0/"	"/horse/ped/000a000d6b/"	"/horse/ped/000a006459/"	11	"/trainer/00329/"
"http://db.netkeiba.com/horse/2000106010/"	"http://db.netkeiba.com/race/200505010807/"	"2005年2月20日"	0	1	0	0	0	0	0	0	0	0	8	0	0	1	0	0	0	0	0	0	1	0	1800	0	0	1	0	3	5	0	0	1	5	57	"http://db.netkeiba.com/jockey/00140/"	"1:52.6"	11260	"1.1/4"	2	492	-8	"210"	"<td class=\"txt_r\">130<br>230<br>1,200</td>"	"730"	"850"	"<td class=\"txt_r\">420<br>2,820<br>4,760</td>"	"1200"	"17160"	""	"/horse/ped/000a00033a/"	"/horse/ped/1988102677/"	"/horse/ped/000a0012bf/"	"/horse/ped/000a008c1e/"	"/horse/ped/000a0003bb/"	"/horse/ped/1955104734/"	9	"/trainer/00386/"
"http://db.netkeiba.com/horse/2000109072/"	"http://db.netkeiba.com/race/200410030212/"	"2004年8月15日"	0	0	0	0	0	0	1	0	0	0	2	0	0	1	0	0	0	0	0	0	0	1	1700	0	1	0	0	7	7	1	0	0	4	57	"http://db.netkeiba.com/jockey/01038/"	"1:52.0"	11200	"5"	10	498	2	"1540"	"<td class=\"txt_r\">380<br>170<br>400</td>"	"2910"	"2750"	"<td class=\"txt_r\">790<br>1,830<br>870</td>"	"6820"	"8800"	""	"/horse/ped/1994104970/"	"/horse/ped/1992101724/"	"/horse/ped/000a00033a/"	"/horse/ped/1988100402/"	"/horse/ped/1985109002/"	"/horse/ped/1977106786/"	10	"/trainer/00403/"
"http://db.netkeiba.com/horse/1994108066/"	"http://db.netkeiba.com/race/199706040305/"	"1997年9月13日"	0	0	1	0	0	0	0	0	0	0	3	0	1	0	0	0	0	0	0	0	1	0	2000	1	0	0	0	7	14	1	0	0	4	55	"http://db.netkeiba.com/jockey/00140/"	"2:06.0"	12600	"1.1/2"	5	476	0	"280"	"<td class=\"txt_r\">140<br>410<br>1,200</td>"	"1770"	"2390"	""	""	""	""	"/horse/ped/000a000d18/"	"/horse/ped/1984104007/"	"/horse/ped/000a000e04/"	"/horse/ped/000a0085dc/"	"/horse/ped/000a000a75/"	"/horse/ped/1977104219/"	15	"/trainer/01004/"
"http://db.netkeiba.com/horse/1997101847/"	"http://db.netkeiba.com/race/200110020608/"	"2001年7月29日"	0	0	0	0	0	0	1	0	0	0	6	0	0	1	0	0	0	0	0	0	0	1	1700	1	0	0	0	6	11	1	0	0	4	57	"http://db.netkeiba.com/jockey/00682/"	"1:49.2"	10920	"1.1/2"	2	458	14	"290"	"<td class=\"txt_r\">140<br>160<br>410</td>"	"650"	"770"	"<td class=\"txt_r\">360<br>1,000<br>1,410</td>"	""	""	""	"/horse/ped/1992109618/"	"/horse/ped/1978103983/"	"/horse/ped/000a00033a/"	"/horse/ped/000a00021e/"	"/horse/ped/000a000258/"	"/horse/ped/1955101319/"	2	"/trainer/00431/"
"http://db.netkeiba.com/horse/1987101941/"	"http://db.netkeiba.com/race/199105040612/"	"1991年10月20日"	0	1	0	0	0	0	0	0	0	0	6	0	0	1	0	0	0	0	0	0	0	1	1600	1	0	0	0	7	7	1	0	0	5	54	"http://db.netkeiba.com/jockey/00701/"	"1:38.6"	9860	"クビ"	2	470	4	"200"	"<td class=\"txt_r\">100<br>110<br>140</td>"	"250"	""	""	""	""	""	"/horse/ped/000a000bf9/"	"/horse/ped/1982106057/"	"/horse/ped/000a000355/"	"/horse/ped/000a000316/"	"/horse/ped/000a0004be/"	"/horse/ped/1974105645/"	2	"/trainer/00208/"
"http://db.netkeiba.com/horse/1996100058/"	"http://db.netkeiba.com/race/199909040802/"	"1999年10月3日"	0	0	0	1	0	0	0	0	0	0	8	0	1	0	0	0	0	0	0	0	0	1	1800	1	0	0	0	4	6	0	1	0	4	53	"http://db.netkeiba.com/jockey/00718/"	"1:56.9"	11690	"1.3/4"	10	486	2	"370"	"<td class=\"txt_r\">170<br>1,180<br>570</td>"	"2550"	"9620"	""	""	""	""	"/horse/ped/1976104116/"	"/horse/ped/1984101962/"	"/horse/ped/000a00040e/"	"/horse/ped/000a000665/"	"/horse/ped/000a000258/"	"/horse/ped/1975102909/"	3	"/trainer/00199/"
"http://db.netkeiba.com/horse/2004106123/"	"http://db.netkeiba.com/race/200705030807/"	"2007年6月10日"	0	1	0	0	0	0	0	0	0	0	8	0	0	1	0	0	0	0	0	0	1	0	1800	0	1	0	0	8	16	0	1	0	3	54	"http://db.netkeiba.com/jockey/01025/"	"1:50.7"	11070	"1"	10	448	4	"350"	"<td class=\"txt_r\">160<br>130<br>280</td>"	"480"	"780"	"<td class=\"txt_r\">320<br>880<br>660</td>"	"1530"	"2750"	""	"/horse/ped/000a000d9e/"	"/horse/ped/1999107069/"	"/horse/ped/000a0019b4/"	"/horse/ped/000a000357/"	"/horse/ped/1993109188/"	"/horse/ped/1995100005/"	9	"/trainer/01036/"
"http://db.netkeiba.com/horse/2001101865/"	"http://db.netkeiba.com/race/200408010702/"	"2004年1月24日"	1	0	0	0	0	0	0	0	0	0	7	0	1	0	0	0	0	0	0	0	0	1	1800	1	0	0	0	8	10	1	0	0	3	53	"http://db.netkeiba.com/jockey/01071/"	"1:57.3"	11730	"クビ"	5	476	2	"1010"	"<td class=\"txt_r\">160<br>100<br>370</td>"	"270"	"430"	"<td class=\"txt_r\">200<br>1,290<br>610</td>"	"1550"	"1990"	""	"/horse/ped/1987106877/"	"/horse/ped/1991107032/"	"/horse/ped/1979101459/"	"/horse/ped/1955103683/"	"/horse/ped/000a001be3/"	"/horse/ped/000a006325/"	6	"/trainer/00363/"
"http://db.netkeiba.com/horse/1990109132/"	"http://db.netkeiba.com/race/199405030312/"	"1994年5月28日"	0	1	0	0	0	0	0	0	0	0	3	0	0	1	0	0	0	0	0	0	0	1	1400	0	0	1	0	2	2	1	0	0	5	54	"http://db.netkeiba.com/jockey/00716/"	"1:26.2"	8620	"1.1/4"	7	464	0	"550"	"<td class=\"txt_r\">210<br>280<br>130</td>"	"1370"	"3140"	""	""	""	""	"/horse/ped/000a00188a/"	"/horse/ped/000a009462/"	"/horse/ped/000a000da6/"	"/horse/ped/000a0088ea/"	"/horse/ped/000a001c4e/"	"/horse/ped/000a009461/"	7	"/trainer/00317/"
"http://db.netkeiba.com/horse/1996200045/"	"http://db.netkeiba.com/race/200105040204/"	"2001年10月7日"	0	1	0	0	0	0	0	0	0	0	2	0	0	1	0	0	0	0	0	0	0	1	1400	1	0	0	0	3	3	1	0	0	5	56	"http://db.netkeiba.com/jockey/00720/"	"1:26.5"	8650	"1/2"	14	520	8	"4020"	"<td class=\"txt_r\">990<br>1,230<br>330</td>"	"920"	"55810"	"<td class=\"txt_r\">9,620<br>3,970<br>5,100</td>"	""	""	""	"/horse/ped/000a000d6b/"	"/horse/ped/1984200080/"	"/horse/ped/000a001beb/"	"/horse/ped/000a0092cf/"	"/horse/ped/1974103455/"	"/horse/ped/1955200069/"	13	"/trainer/00381/"
"http://db.netkeiba.com/horse/1994105920/"	"http://db.netkeiba.com/race/199604020805/"	"1996年8月4日"	0	0	0	0	0	1	0	0	0	0	8	1	0	0	0	0	0	0	0	0	1	0	1000	1	0	0	0	4	4	0	1	0	3	53	"http://db.netkeiba.com/jockey/00171/"	"0:58.7"	5870	"3"	5	448	-2	"150"	"<td class=\"txt_r\">110<br>250<br>320</td>"	"810"	"1050"	""	""	""	""	"/horse/ped/000a00021b/"	"/horse/ped/1987106442/"	"/horse/ped/000a000e32/"	"/horse/ped/000a007cd2/"	"/horse/ped/1979100919/"	"/horse/ped/1955106843/"	3	"/trainer/00437/"
"http://db.netkeiba.com/horse/1992109486/"	"http://db.netkeiba.com/race/199504030708/"	"1995年11月18日"	0	0	0	0	0	1	0	0	0	0	7	0	1	0	0	0	0	0	0	0	1	0	2000	0	1	0	0	7	14	1	0	0	4	55	"http://db.netkeiba.com/jockey/00571/"	"2:08.0"	12800	"アタマ"	15	468	-8	"600"	"<td class=\"txt_r\">230<br>340<br>250</td>"	"1960"	"3520"	""	""	""	""	"/horse/ped/000a000258/"	"/horse/ped/000a0061b5/"	"/horse/ped/000a000e04/"	"/horse/ped/000a007055/"	"/horse/ped/000a0014ce/"	"/horse/ped/000a0088e6/"	15	"/trainer/00208/"
"http://db.netkeiba.com/horse/1998101367/"	"http://db.netkeiba.com/race/200105020206/"	"2001年4月22日"	0	1	0	0	0	0	0	0	0	0	2	0	0	1	0	0	0	0	0	0	1	0	1400	1	0	0	0	4	6	0	1	0	3	53	"http://db.netkeiba.com/jockey/00699/"	"1:24.6"	8460	"1.1/2"	8	432	-8	"210"	"<td class=\"txt_r\">110<br>130<br>140</td>"	"350"	"350"	"<td class=\"txt_r\">170<br>240<br>340</td>"	""	""	""	"/horse/ped/000a000134/"	"/horse/ped/1984104380/"	"/horse/ped/000a001607/"	"/horse/ped/000a0094a9/"	"/horse/ped/000a0000ed/"	"/horse/ped/1955105710/"	12	"/trainer/00436/"
"http://db.netkeiba.com/horse/2007106225/"	"http://db.netkeiba.com/race/200908050709/"	"2009年11月28日"	1	0	0	0	0	0	0	0	0	0	7	0	0	0	0	0	1	0	0	0	1	0	2000	1	0	0	0	1	1	1	0	0	2	55	"http://db.netkeiba.com/jockey/01018/"	"2:04.3"	12430	"大"	5	450	2	"150"	"<td class=\"txt_r\">110<br>380</td>"	"970"	""	"<td class=\"txt_r\">470<br>220<br>680</td>"	"1530"	"1000"	"4150"	"/horse/ped/1994108729/"	"/horse/ped/1995103540/"	"/horse/ped/000a00033a/"	"/horse/ped/1988107344/"	"/horse/ped/000a00004c/"	"/horse/ped/1981100562/"	5	"/trainer/00261/"
"http://db.netkeiba.com/horse/1992108249/"	"http://db.netkeiba.com/race/199508030507/"	"1995年3月11日"	1	0	0	0	0	0	0	0	0	0	5	0	0	1	0	0	0	0	0	0	0	1	1200	1	0	0	0	6	6	1	0	0	4	55	"http://db.netkeiba.com/jockey/00628/"	"1:13.7"	7370	"クビ"	1	454	-2	"780"	"<td class=\"txt_r\">180<br>120<br>130</td>"	"820"	"1080"	""	""	""	""	"/horse/ped/1985109001/"	"/horse/ped/1982106830/"	"/horse/ped/000a000f65/"	"/horse/ped/000a008d38/"	"/horse/ped/000a0003c7/"	"/horse/ped/1955106035/"	2	"/trainer/00350/"
"http://db.netkeiba.com/horse/1988101517/"	"http://db.netkeiba.com/race/199202020406/"	"1992年9月13日"	0	0	0	0	0	0	0	0	0	1	4	0	0	1	0	0	0	0	0	0	0	1	1000	1	0	0	0	1	1	1	0	0	5	55	"http://db.netkeiba.com/jockey/00700/"	"1:04.9"	6490	"1.3/4"	12	492	4	"1840"	"<td class=\"txt_r\">260<br>120<br>140</td>"	"640"	"2000"	""	""	""	""	"/horse/ped/000a000c2c/"	"/horse/ped/1955105432/"	"/horse/ped/000a00026d/"	"/horse/ped/000a00059b/"	"/horse/ped/000a0003e0/"	"/horse/ped/000a003795/"	12	"/trainer/00269/"
"http://db.netkeiba.com/horse/2010101881/"	"http://db.netkeiba.com/race/201210021102/"	"2012年9月1日"	0	0	0	0	0	0	1	0	0	0	11	0	1	0	0	0	0	0	0	0	1	0	1800	1	0	0	0	5	10	0	1	0	2	54	"http://db.netkeiba.com/jockey/00732/"	"1:53.0"	11300	"3.1/2"	9	482	-2	"200"	"<td class=\"txt_r\">120<br>180<br>1,590</td>"	"400"	"580"	"<td class=\"txt_r\">270<br>2,670<br>7,550</td>"	"750"	"16770"	"41290"	"/horse/ped/1989108341/"	"/horse/ped/2002100045/"	"/horse/ped/1982101222/"	"/horse/ped/1984104366/"	"/horse/ped/000a0001a7/"	"/horse/ped/000a0066f1/"	15	"/trainer/00416/"
"http://db.netkeiba.com/horse/2008100759/"	"http://db.netkeiba.com/race/201104040403/"	"2011年8月21日"	0	0	0	0	0	1	0	0	0	0	4	0	1	0	0	0	0	0	0	0	0	1	1800	0	1	0	0	6	10	0	1	0	3	54	"http://db.netkeiba.com/jockey/01031/"	"1:57.9"	11790	"3.1/2"	12	398	-3	"590"	"<td class=\"txt_r\">160<br>140<br>150</td>"	"1130"	"1140"	"<td class=\"txt_r\">410<br>350<br>240</td>"	"2460"	"1150"	"8570"	"/horse/ped/000a0000b0/"	"/horse/ped/1995108159/"	"/horse/ped/000a0000cc/"	"/horse/ped/000a009614/"	"/horse/ped/000a0002a6/"	"/horse/ped/000a0062ef/"	11	"/trainer/00421/"
"http://db.netkeiba.com/horse/1996107396/"	"http://db.netkeiba.com/race/199808060103/"	"1998年11月7日"	1	0	0	0	0	0	0	0	0	0	1	1	0	0	0	0	0	0	0	0	1	0	1600	1	0	0	0	1	1	1	0	0	3	54	"http://db.netkeiba.com/jockey/00666/"	"1:35.1"	9510	""	1	456	0	"3610"	"<td class=\"txt_r\">770<br>220<br>510</td>"	"3470"	"8850"	""	""	""	""	"/horse/ped/000a00033a/"	"/horse/ped/1990104462/"	"/horse/ped/000a0012bf/"	"/horse/ped/000a008c1e/"	"/horse/ped/1983109006/"	"/horse/ped/000a000038/"	4	"/trainer/00362/"
"http://db.netkeiba.com/horse/2011110042/"	"http://db.netkeiba.com/race/201409030608/"	"2014年6月22日"	0	0	0	1	0	0	0	0	0	0	6	0	0	1	0	0	0	0	0	0	1	0	2000	0	1	0	0	5	6	1	0	0	3	54	"http://db.netkeiba.com/jockey/01014/"	"2:04.2"	12420	"1/2"	1	472	0	"560"	"<td class=\"txt_r\">210<br>110<br>280</td>"	"190"	"760"	"<td class=\"txt_r\">370<br>1,520<br>580</td>"	"2010"	"3620"	"22000"	"/horse/ped/000a011c78/"	"/horse/ped/000a011f73/"	"/horse/ped/000a0022ae/"	"/horse/ped/1989109105/"	"/horse/ped/000a0021cb/"	"/horse/ped/000a011f72/"	2	"/trainer/01028/"
"http://db.netkeiba.com/horse/2001107339/"	"http://db.netkeiba.com/race/200501010210/"	"2005年8月14日"	0	0	0	0	0	0	0	0	1	0	2	0	0	1	0	0	0	0	0	0	1	0	1500	1	0	0	0	2	2	0	0	1	4	57	"http://db.netkeiba.com/jockey/01094/"	"1:30.5"	9050	"2.1/2"	14	498	6	"1680"	"<td class=\"txt_r\">450<br>150<br>170</td>"	"670"	"2430"	"<td class=\"txt_r\">910<br>1,350<br>340</td>"	"6120"	"4270"	"31700"	"/horse/ped/1991109947/"	"/horse/ped/1986103319/"	"/horse/ped/000a001bde/"	"/horse/ped/000a009560/"	"/horse/ped/000a000439/"	"/horse/ped/000a0060a5/"	14	"/trainer/00435/"
"http://db.netkeiba.com/horse/1997104936/"	"http://db.netkeiba.com/race/200009030405/"	"2000年6月25日"	0	0	0	1	0	0	0	0	0	0	4	0	0	1	0	0	0	0	0	0	0	1	1800	1	0	0	0	4	6	0	1	0	4	51	"http://db.netkeiba.com/jockey/01045/"	"1:54.6"	11460	"1/2"	14	464	-4	"1430"	"<td class=\"txt_r\">290<br>160<br>110</td>"	"4590"	"4970"	"<td class=\"txt_r\">1,150<br>510<br>270</td>"	""	""	""	"/horse/ped/1979101247/"	"/horse/ped/1988100870/"	"/horse/ped/000a000449/"	"/horse/ped/1955103576/"	"/horse/ped/000a00022a/"	"/horse/ped/1979106897/"	11	"/trainer/00191/"
"http://db.netkeiba.com/horse/1994101100/"	"http://db.netkeiba.com/race/199610020806/"	"1996年8月4日"	0	0	0	0	0	0	1	0	0	0	8	1	0	0	0	0	0	0	0	0	1	0	1200	1	0	0	0	2	2	1	0	0	3	53	"http://db.netkeiba.com/jockey/00665/"	"1:14.4"	7440	"2"	9	452	-10	"190"	"<td class=\"txt_r\">120<br>400<br>390</td>"	"240"	"1940"	""	""	""	""	"/horse/ped/000a0001f4/"	"/horse/ped/1986106291/"	"/horse/ped/000a001205/"	"/horse/ped/000a0082bc/"	"/horse/ped/000a0002df/"	"/horse/ped/1955105761/"	12	"/trainer/00177/"
"http://db.netkeiba.com/horse/1994101211/"	"http://db.netkeiba.com/race/199704030801/"	"1997年8月31日"	0	0	0	0	0	1	0	0	0	0	8	0	1	0	0	0	0	0	0	0	0	1	1200	1	0	0	0	3	3	1	0	0	4	55	"http://db.netkeiba.com/jockey/00715/"	"1:14.0"	7400	"1/2"	9	496	4	"220"	"<td class=\"txt_r\">110<br>160<br>130</td>"	"740"	"790"	""	""	""	""	"/horse/ped/000a000d01/"	"/horse/ped/1984100279/"	"/horse/ped/000a0007e5/"	"/horse/ped/000a0082aa/"	"/horse/ped/000a000355/"	"/horse/ped/1955105954/"	5	"/trainer/00417/"
"http://db.netkeiba.com/horse/2003100192/"	"http://db.netkeiba.com/race/200607030704/"	"2006年9月30日"	0	0	0	0	1	0	0	0	0	0	7	0	1	0	0	0	0	0	0	0	1	0	1200	1	0	0	0	4	7	1	0	0	3	56	"http://db.netkeiba.com/jockey/00682/"	"1:11.5"	7150	"1"	16	478	8	"190"	"<td class=\"txt_r\">130<br>540<br>840</td>"	"2270"	"2480"	"<td class=\"txt_r\">1,250<br>1,600<br>10,620</td>"	"3950"	"22650"	""	"/horse/ped/1998101516/"	"/horse/ped/000a00687d/"	"/horse/ped/000a00033a/"	"/horse/ped/1987103805/"	"/horse/ped/000a001676/"	"/horse/ped/000a00b24e/"	15	"/trainer/01062/"
"http://db.netkeiba.com/horse/2003100283/"	"http://db.netkeiba.com/race/200506040102/"	"2005年9月10日"	0	0	1	0	0	0	0	0	0	0	1	0	1	0	0	0	0	0	0	0	1	0	1600	1	0	0	0	7	7	1	0	0	2	54	"http://db.netkeiba.com/jockey/01054/"	"1:35.8"	9580	"1.1/2"	9	398	0	"300"	"<td class=\"txt_r\">150<br>340<br>960</td>"	"1260"	"1510"	"<td class=\"txt_r\">660<br>2,010<br>3,620</td>"	"2560"	"14560"	""	"/horse/ped/1994108729/"	"/horse/ped/1995108797/"	"/horse/ped/000a00033a/"	"/horse/ped/1988107344/"	"/horse/ped/000a000076/"	"/horse/ped/000a008779/"	5	"/trainer/00377/"
"http://db.netkeiba.com/horse/1983106240/"	"http://db.netkeiba.com/race/198609030702/"	"1986年6月7日"	0	0	0	1	0	0	0	0	0	0	7	0	1	0	0	0	0	0	0	0	1	0	2000	0	0	1	0	8	10	1	0	0	4	52	"http://db.netkeiba.com/jockey/00652/"	"2:07.6"	12760	"クビ"	8	472	8	"360"	"<td class=\"txt_r\">150<br>130<br>190</td>"	"630"	""	""	""	""	""	"/horse/ped/000a000a2d/"	"/horse/ped/1977103959/"	"/horse/ped/000a00043f/"	"/horse/ped/000a0028d2/"	"/horse/ped/000a00016b/"	"/horse/ped/000a000523/"	4	"/trainer/00250/"
"http://db.netkeiba.com/horse/2002103593/"	"http://db.netkeiba.com/race/200703030806/"	"2007年11月11日"	0	0	0	0	0	0	0	1	0	0	8	0	0	1	0	0	0	0	0	0	0	1	1150	0	1	0	0	3	5	0	1	0	5	52	"http://db.netkeiba.com/jockey/01098/"	"1:08.6"	6860	"1.1/2"	15	458	2	"780"	"<td class=\"txt_r\">280<br>220<br>390</td>"	"1480"	"1690"	"<td class=\"txt_r\">870<br>1,860<br>1,290</td>"	"4230"	"9960"	""	"/horse/ped/000a0001aa/"	"/horse/ped/1995105643/"	"/horse/ped/000a0012bf/"	"/horse/ped/000a00a1d6/"	"/horse/ped/000a000d87/"	"/horse/ped/000a0064c1/"	8	"/trainer/01077/"
"http://db.netkeiba.com/horse/1986106923/"	"http://db.netkeiba.com/race/199105020312/"	"1991年4月27日"	0	1	0	0	0	0	0	0	0	0	3	0	0	1	0	0	0	0	0	0	1	0	1800	1	0	0	0	2	2	0	1	0	6	55	"http://db.netkeiba.com/jockey/00140/"	"1:49.3"	10930	"ハナ"	3	460	0	"160"	"<td class=\"txt_r\">110<br>160<br>260</td>"	"390"	""	""	""	""	""	"/horse/ped/1976104076/"	"/horse/ped/1955103609/"	"/horse/ped/000a000079/"	"/horse/ped/000a00478d/"	"/horse/ped/000a0000ee/"	"/horse/ped/000a003b8b/"	7	"/trainer/00326/"
"http://db.netkeiba.com/horse/2008100994/"	"http://db.netkeiba.com/race/201101020707/"	"2011年10月1日"	0	0	0	0	0	0	0	0	1	0	7	0	0	1	0	0	0	0	0	0	0	1	1700	0	0	0	1	6	9	1	0	0	3	55	"http://db.netkeiba.com/jockey/01093/"	"1:45.3"	10530	"1/2"	3	478	-4	"670"	"<td class=\"txt_r\">240<br>190<br>180</td>"	"640"	"1630"	"<td class=\"txt_r\">620<br>420<br>440</td>"	"3360"	"2420"	"15000"	"/horse/ped/1995101767/"	"/horse/ped/1995101200/"	"/horse/ped/000a00033a/"	"/horse/ped/000a0063b8/"	"/horse/ped/1983106544/"	"/horse/ped/1984101816/"	2	"/trainer/01129/"
"http://db.netkeiba.com/horse/2007106044/"	"http://db.netkeiba.com/race/201009010802/"	"2010年3月21日"	0	0	0	1	0	0	0	0	0	0	8	0	1	0	0	0	0	0	0	0	0	1	1200	0	1	0	0	6	7	1	0	0	3	54	"http://db.netkeiba.com/jockey/01124/"	"1:15.1"	7510	"1.3/4"	6	512	16	"330"	"<td class=\"txt_r\">120<br>110<br>120</td>"	"280"	"280"	"<td class=\"txt_r\">130<br>200<br>160</td>"	"670"	"280"	"1440"	"/horse/ped/1997103699/"	"/horse/ped/1999103227/"	"/horse/ped/000a00033a/"	"/horse/ped/1990104462/"	"/horse/ped/000a0002f0/"	"/horse/ped/1992107893/"	8	"/trainer/00422/"
"http://db.netkeiba.com/horse/2012105545/"	"http://db.netkeiba.com/race/201404021011/"	"2014年8月31日"	0	0	0	0	0	1	0	0	0	0	10	0	0	0	0	0	0	1	0	0	1	0	1600	1	0	0	0	2	3	1	0	0	2	54	"http://db.netkeiba.com/jockey/05386/"	"1:34.3"	9430	"1.1/4"	10	512	16	"410"	"<td class=\"txt_r\">170<br>150<br>390</td>"	"710"	"760"	"<td class=\"txt_r\">380<br>1,320<br>1,410</td>"	"1600"	"4780"	"16440"	"/horse/ped/1994109686/"	"/horse/ped/2000104228/"	"/horse/ped/000a001a8f/"	"/horse/ped/000a00039b/"	"/horse/ped/000a001ff2/"	"/horse/ped/000a006797/"	7	"/trainer/01123/"
"http://db.netkeiba.com/horse/2007101248/"	"http://db.netkeiba.com/race/200910020201/"	"2009年7月19日"	0	0	0	0	0	0	1	0	0	0	2	0	1	0	0	0	0	0	0	0	1	0	1200	1	0	0	0	8	8	0	1	0	2	54	"http://db.netkeiba.com/jockey/01115/"	"1:08.0"	6800	"クビ"	1	450	4	"400"	"<td class=\"txt_r\">130<br>110<br>220</td>"	"260"	"340"	"<td class=\"txt_r\">170<br>480<br>280</td>"	"850"	"800"	"4070"	"/horse/ped/1999106756/"	"/horse/ped/1997100319/"	"/horse/ped/000a00033a/"	"/horse/ped/1986104964/"	"/horse/ped/000a0000d1/"	"/horse/ped/1983104186/"	2	"/trainer/01016/"
"http://db.netkeiba.com/horse/1996101101/"	"http://db.netkeiba.com/race/199908010802/"	"1999年1月24日"	1	0	0	0	0	0	0	0	0	0	8	0	1	0	0	0	0	0	0	0	0	1	1400	1	0	0	0	1	1	1	0	0	4	55	"http://db.netkeiba.com/jockey/00945/"	"1:27.7"	8770	"3"	9	444	2	"280"	"<td class=\"txt_r\">120<br>170<br>140</td>"	"1080"	"1200"	""	""	""	""	"/horse/ped/1988109112/"	"/horse/ped/1991108210/"	"/horse/ped/1979109007/"	"/horse/ped/000a009bd1/"	"/horse/ped/1982107332/"	"/horse/ped/1978103556/"	9	"/trainer/00114/"
"http://db.netkeiba.com/horse/1984100255/"	"http://db.netkeiba.com/race/198701020601/"	"1987年7月26日"	0	0	0	0	0	0	0	0	1	0	6	0	1	0	0	0	0	0	0	0	0	1	1800	1	0	0	0	5	5	0	1	0	4	53	"http://db.netkeiba.com/jockey/00187/"	"1:57.7"	11770	"大"	2	446	0	"500"	"<td class=\"txt_r\">210<br>160</td>"	"650"	""	""	""	""	""	"/horse/ped/000a000442/"	"/horse/ped/1955106422/"	"/horse/ped/000a000e46/"	"/horse/ped/000a007adb/"	"/horse/ped/000a00046c/"	"/horse/ped/000a003a9d/"	4	"/trainer/00165/"
"http://db.netkeiba.com/horse/1997101988/"	"http://db.netkeiba.com/race/200205020608/"	"2002年2月10日"	0	1	0	0	0	0	0	0	0	0	6	0	0	1	0	0	0	0	0	0	0	1	1600	1	0	0	0	1	1	1	0	0	5	57	"http://db.netkeiba.com/jockey/00712/"	"1:40.2"	10020	"1.1/4"	8	486	1	"200"	"<td class=\"txt_r\">130<br>180<br>200</td>"	"290"	"800"	"<td class=\"txt_r\">370<br>410<br>660</td>"	""	""	""	"/horse/ped/1989109110/"	"/horse/ped/1987106366/"	"/horse/ped/000a0017c9/"	"/horse/ped/000a009b99/"	"/horse/ped/1979101459/"	"/horse/ped/1980100615/"	8	"/trainer/00252/"
"http://db.netkeiba.com/horse/2002106779/"	"http://db.netkeiba.com/race/200507010301/"	"2005年3月12日"	0	0	0	0	1	0	0	0	0	0	3	0	1	0	0	0	0	0	0	0	0	1	1700	0	0	0	1	6	11	1	0	0	3	53	"http://db.netkeiba.com/jockey/01088/"	"1:52.3"	11230	"2.1/2"	7	484	-2	"210"	"<td class=\"txt_r\">120<br>770<br>290</td>"	"5010"	"5260"	"<td class=\"txt_r\">2,240<br>460<br>6,100</td>"	"7930"	"13840"	""	"/horse/ped/000a0001d4/"	"/horse/ped/1993102787/"	"/horse/ped/000a000dfe/"	"/horse/ped/000a009fb8/"	"/horse/ped/000a0000cc/"	"/horse/ped/1986100359/"	12	"/trainer/00400/"
"http://db.netkeiba.com/horse/1989101975/"	"http://db.netkeiba.com/race/199205050505/"	"1992年11月21日"	0	1	0	0	0	0	0	0	0	0	5	0	0	1	0	0	0	0	0	0	0	1	1600	0	0	0	1	5	9	1	0	0	4	55	"http://db.netkeiba.com/jockey/00635/"	"1:40.2"	10020	"クビ"	12	440	10	"490"	"<td class=\"txt_r\">150<br>160<br>600</td>"	"620"	"950"	""	""	""	""	"/horse/ped/000a000351/"	"/horse/ped/1979104688/"	"/horse/ped/000a000e3b/"	"/horse/ped/000a0071d6/"	"/horse/ped/000a0004be/"	"/horse/ped/1955103452/"	3	"/trainer/00153/"
